#{"t_start": 1512457125.33797, "gym_version": "0.9.4", "env_id": 0}
r,l,s,t
-80.167201,128,-14.9988122924,24.082386
